embA,Ethambutol,2737,CCG - TCG,913,Pro - Ser,United States and Russia,10639358
embA,Ethambutol,2498,GAC - GGC,833,Asp - Ala,United States and Russia,10639358
embA,Ethambutol,1385,GCG - GTG,462,Ala - Val,United States and Russia,10639358
embA,Ethambutol,1049,GGC - GAC,350,Gly - Asp,United States and Russia,10639358
embA,Ethambutol,601,GCG - ACG,201,Ala - Thr,United States and Russia,10639358
embA,Ethambutol,10,GAC - AAC,4,Asp - Asn,United States and Russia,10639358
embA,Ethambutol,961,GGC - AGC,321,Gly - Ser,United States and Russia,10639358
embA,Ethambutol,-43,CG - Deletion,NA,NA,United States and Russia,10639358
embA,Ethambutol,-16,C - T,NA,NA,United States and Russia,10639358
embA,Ethambutol,-12,C - T,NA,NA,United States and Russia,10639358
embA,Ethambutol,-11,C - A,NA,NA,United States and Russia,10639358
embA,Ethambutol,1661,GGC - GAC,554,Gly - Asp,China,25605360
embA,Ethambutol,2035,CCC - ACC,769,Pro - Thr,China,25605360
embA,Ethambutol,991,GCC - ACC,331,Ala - Thr,China,25605360
embA,Ethambutol,10,GAC - AAC,4,Asp - Asn,China,25605360
embA,Ethambutol,598,GGC - AGC,200,Gly - Ser,China,25605360
embA,Ethambutol,-43,G - C,NA,NA,China,25605360
embA,Ethambutol,-16,C - G,NA,NA,China,25605360
embA,Ethambutol,-16,C - T,NA,NA,China,25605360
embA,Ethambutol,-16,C - A,NA,NA,China,25605360
embA,Ethambutol,-12,C - T,NA,NA,China,25605360
embA,Ethambutol,-11,C - A,NA,NA,China,25605360
embA,Ethambutol,-8,C - T,NA,NA,China,25605360
embA,Ethambutol,52,GTC - TTC,18,Val - Phe,China,29084750
embA,Ethambutol,-43,G - C,NA,NA,China,29084750
embA,Ethambutol,-11,C - T,NA,NA,China,29084750
embA,Ethambutol,-16,C - G,NA,NA,China,29084750
embA,Ethambutol,-16,C - T,NA,NA,China,29084750
embA,Ethambutol,-16,C - A,NA,NA,China,29084750
embA,Ethambutol,-5,G - A,NA,NA,China,29084750
embA,Ethambutol,-12,C - T,NA,NA,China,29084750
embA,Ethambutol,-11,C - A,NA,NA,China,29084750
