Gene,Drug,Nucleotide Position,Mutation,Amino Acid Position,Mutation,Sample Location,Reference (as Journal or PMID)
rrs,Streptomycin,512,C - Insertion,NA,NA,NA,7540819
rrs,Streptomycin,904,C - A,NA,NA,NA,7914261
rrs,Streptomycin,904,C - G,NA,NA,NA,7914261
rrs,Streptomycin,513,A - C,NA,NA,NA,7934937
rrs,Streptomycin,516,C - T,NA,NA,NA,7934937
rrs,Streptomycin,904,C - A,NA,NA,NA,8192450
rrs,Streptomycin,904,C - G,NA,NA,NA,8192450
rrs,Streptomycin,491,C - T,NA,NA,NA,8665467
rrs,Streptomycin,512,C - T,NA,NA,NA,8665467
rrs,Streptomycin,513,A - C,NA,NA,NA,8665467
rrs,Streptomycin,513,A - T,NA,NA,NA,8665467
rrs,Streptomycin,516,C - T,NA,NA,NA,8665467
rrs,Streptomycin,904,A - G,NA,NA,NA,8665467
rrs,Streptomycin,904,C - A,NA,NA,NA,8665467
rrs,Streptomycin,904,C - G,NA,NA,NA,8665467
rrs,Streptomycin,865,C - G,NA,NA,New York City in United States,8723463
rrs,Streptomycin,491,C - T,NA,NA,NA,8849220
rrs,Streptomycin,491,C - T,NA,NA,NA,8849220
rrs,Streptomycin,512,C - T,NA,NA,NA,8849220
rrs,Streptomycin,512,C - T,NA,NA,NA,8849220
rrs,Streptomycin,513,A - T,NA,NA,NA,8849220
rrs,Streptomycin,513,A - T,NA,NA,NA,8849220
rrs,Streptomycin,798,C - T,NA,NA,NA,8849220
rrs,Streptomycin,798,C - T,NA,NA,NA,8849220
rrs,Streptomycin,877,G - A,NA,NA,NA,8849220
rrs,Streptomycin,877,G - A,NA,NA,NA,8849220
rrs,Streptomycin,904,A - G,NA,NA,NA,8849220
rrs,Streptomycin,904,A - G,NA,NA,NA,8849220
rrs,Streptomycin,906,A - C,NA,NA,NA,8849220
rrs,Streptomycin,906,A - C,NA,NA,NA,8849220
rrs,Streptomycin,522,C - T,NA,NA,NA,8913445
rrs,Streptomycin,523,A - C,NA,NA,NA,8913445
rrs,Streptomycin,516,C - T,NA,NA,Germany,9160326
rrs,Streptomycin,905,A - G,NA,NA,Germany,9160326
rrs,Streptomycin,906,A - T,NA,NA,Germany,9160326
rrs,Streptomycin,491,C - T,NA,NA,Sierra Leone,9160326
rrs,Streptomycin,513,A - C,NA,NA,Sierra Leone and Germany,9160326
rrs,Streptomycin,513,A - C,NA,NA,Japan,9418025
rrs,Streptomycin,513,A - T,NA,NA,Japan,9418025
rrs,Streptomycin,906,A - C,NA,NA,Japan,9418025
rrs,Streptomycin,907,A - G,NA,NA,Japan,9418025
rrs,Streptomycin,908,T - Insertion,NA,NA,Japan,9418025
rrs,Kanamycin,1400,A - G,NA,NA,Japan,9574680
rrs,Kanamycin,1401,C - T,NA,NA,Japan,9574680
rrs,Kanamycin,1483,G - T,NA,NA,Japan,9574680
rrs,Streptomycin,513,A - C,NA,NA,NA,11601331
rrs,Streptomycin,189,G - A,NA,NA,Monterrey in Mexico,14729930
rrs,Streptomycin,426,G - T,NA,NA,Monterrey in Mexico,14729930
rrs,Streptomycin,491,C - T,NA,NA,Monterrey in Mexico,14729930
rrs,Streptomycin,516,C - T,NA,NA,Monterrey in Mexico,14729930
rrs,Streptomycin,1238,T - C,NA,NA,Monterrey in Mexico,14729930
rrs,Streptomycin,491,C - T,NA,NA,Bilthoven in The Netherlands,15134881
rrs,Streptomycin,513,A - C,NA,NA,Bilthoven in The Netherlands,15134881
rrs,Streptomycin,461,C - T,NA,NA,Poland,15305490
rrs,Streptomycin,627,G - C,NA,NA,Poland,15305490
rrs,Streptomycin,906,A - T,NA,NA,Poland,15305490
rrs,Streptomycin,513,A - C,NA,NA,Latvia,15567277
rrs,Streptomycin,516,C - T,NA,NA,Latvia,15567277
rrs,Capreomycin / Viomycin / Kanamycin / And Amikacin,1401,A - G,NA,NA,NA,16048924
rrs,Capreomycin / Viomycin / Kanamycin / And Amikacin,1402,C - T,NA,NA,NA,16048924
rrs,Capreomycin / Viomycin / Kanamycin / And Amikacin,1484,G - T,NA,NA,NA,16048924
rrs,Streptomycin,513,A - C,NA,NA,China,16875324
rrs,Streptomycin,513,A - T,NA,NA,China,16875324
rrs,Streptomycin,516,C - T,NA,NA,China,16875324
rrs,Streptomycin,514,A - C,NA,NA,NA,17238915
rrs,Streptomycin,517,C - T,NA,NA,NA,17238915
rrs,Streptomycin,888,G - A,NA,NA,NA,17238915
rrs,Streptomycin,908,A - G,NA,NA,NA,17238915
rrs,Streptomycin,909,T - Insertion,NA,NA,NA,17238915
rrs,Streptomycin,1401,A - G,NA,NA,Rio Grande do Sul in Brazil,17238915
rrs,Streptomycin,516,C - T,NA,NA,Russia,17403134
rrs,Streptomycin,513,A - C,NA,NA,Russia,17403134
rrs,Streptomycin,426,G - C,NA,NA,Rio Grande do Sul in Brazil,18541729
rrs,Streptomycin,491,C - T,NA,NA,Rio Grande do Sul in Brazil,18541729
rrs,Streptomycin,513,A - C,NA,NA,Rio Grande do Sul in Brazil,18541729
rrs,Streptomycin,513,A - T,NA,NA,Rio Grande do Sul in Brazil,18541729
rrs,Streptomycin,516,C - T,NA,NA,Rio Grande do Sul in Brazil,18541729
rrs,Streptomycin,905,A - G,NA,NA,Rio Grande do Sul in Brazil,18541729
rrs,Streptomycin,513,A - C,NA,NA,Singapore,19519851
rrs,Streptomycin,516,C - T,NA,NA,Singapore,19519851
rrs,Amikacin / Kanamycin / Capreomycin / Streptomycin,514,A - C,NA,NA,South Korea,20032248
rrs,Streptomycin,514,A - T,NA,NA,South Korea,20032248
rrs,Streptomycin,517,C - T,NA,NA,South Korea,20032248
rrs,Streptomycin,832,C - T,NA,NA,South Korea,20032248
rrs,Amikacin / Kanamycin / Capreomycin / Streptomycin,1332,G - A,NA,NA,South Korea,20032248
rrs,Amikacin / Kanamycin / Capreomycin / Streptomycin,1338,A - C,NA,NA,South Korea,20032248
rrs,Amikacin / Kanamycin / Capreomycin / Streptomycin,1401,A - G,NA,NA,South Korea,20032248
rrs,Amikacin / Kanamycin / Capreomycin / Streptomycin,1445,A - G,NA,NA,South Korea,20032248
rrs,Kanamycin / Amikacin / Capreomycin / Streptomycin,513,A - C,NA,NA,France,20335420
rrs,Streptomycin,513,A - C,NA,NA,France,20335420
rrs,Kanamycin / Streptomycin,516,C - T,NA,NA,France,20335420
rrs,Kanamycin / Amikacin / Capreomycin / Streptomycin,907,A - C,NA,NA,France,20335420
rrs,Kanamycin / Amikacin / Capreomycin / Streptomycin,1401,A - G,NA,NA,France,20335420
rrs,Kanamycin / Capreomycin,1402,C - T,NA,NA,France,20335420
rrs,Kanamycin / Amikacin / Capreomycin,1484,G - T,NA,NA,France,20335420
rrs,Streptomycin,491,C - T,NA,NA,Shenzhen of China,20646459
rrs,Streptomycin,513,A - C,NA,NA,Shenzhen of China,20646459
rrs,Kanamycin,1400,A - G,NA,NA,Shenzhen of China,20646459
rrs,Kanamycin,1483,G - T,NA,NA,Shenzhen of China,20646459
rrs,Streptomycin,513,A - C,NA,NA,Tianjin in China,20708497
rrs,Streptomycin,516,C - T,NA,NA,Tianjin in China,20708497
rrs,Streptomycin,905,A - G,NA,NA,Tianjin in China,20708497
rrs,Streptomycin,513,A - C,NA,NA,Barcelona in Spain,20802233
rrs,Streptomycin,513,A - T,NA,NA,Barcelona in Spain,20802233
rrs,Streptomycin,516,C - T,NA,NA,Barcelona in Spain,20802233
rrs,Streptomycin,491,C - T,NA,NA,NA,21593257
rrs,Streptomycin,513,C - T,NA,NA,NA,21593257
rrs,Streptomycin,904,C - G,NA,NA,NA,21593257
rrs,Streptomycin,905,A - G,NA,NA,NA,21593257
rrs,Streptomycin,517,C - T,NA,NA,NA,22640514
rrs,Streptomycin,905,C - G,NA,NA,NA,22640514
rrs,Streptomycin,908,A - C,NA,NA,NA,22640514
rrs,Streptomycin,514,A - C,NA,NA,Vietnam,22640514
rrs,Streptomycin,514,A - C,NA,NA,Madang in Papua New Guinea,22943573
rrs,Streptomycin,483,A - T,NA,NA,Veracruz in Mexico,23040237
rrs,Streptomycin,485,A - G,NA,NA,Veracruz in Mexico,23040237
rrs,Streptomycin,496,G - A,NA,NA,Veracruz in Mexico,23040237
rrs,Streptomycin,513,A - C,NA,NA,Veracruz in Mexico,23040237
rrs,Streptomycin,516,C - T,NA,NA,Veracruz in Mexico,23040237
rrs,Streptomycin,795,C - T,NA,NA,Veracruz in Mexico,23040237
rrs,Streptomycin,870,C - T,NA,NA,Veracruz in Mexico,23040237
rrs,Streptomycin,907,A - C,NA,NA,Veracruz in Mexico,23040237
rrs,Streptomycin,513,C - T,NA,NA,NA,23276692
rrs,Kanamycin / Streptomycin,514,A - C,NA,NA,South Korea,23329063
rrs,Kanamycin / Amikacin / Capreomycin / Streptomycin,514,A - T,NA,NA,South Korea,23329063
rrs,Kanamycin / Streptomycin,908,A - C,NA,NA,South Korea,23329063
rrs,Kanamycin / Amikacin / Capreomycin / Streptomycin,1401,A - G,NA,NA,South Korea,23329063
rrs,Kanamycin / Amikacin / Capreomycin,1484,G - T,NA,NA,South Korea,23329063
rrs,Streptomycin,277,G - C,NA,NA,South Korea,23561273
rrs,Streptomycin,514,A - C,NA,NA,South Korea,23561273
rrs,Kanamycin / Streptomycin,517,C - T,NA,NA,South Korea,23561273
rrs,Streptomycin,907,A - T,NA,NA,South Korea,23561273
rrs,Streptomycin,1229,C - T,NA,NA,South Korea,23561273
rrs,Kanamycin / Amikacin / Capreomycin / Streptomycin,1401,A - G,NA,NA,South Korea,23561273
rrs,Streptomycin,492,C - T,NA,NA,NA,23616454
rrs,Streptomycin,462,C - T,NA,NA,NA,23616454
rrs,Streptomycin,736,A - G,NA,NA,NA,23616454
rrs,Streptomycin,324,A - G,NA,NA,NA,23616454
rrs,Streptomycin,340,C - T,NA,NA,NA,23616454
rrs,Streptomycin,517,C - T,NA,NA,Panama,23884993
rrs,Streptomycin,514,A - C,NA,NA,NA,23884993
rrs,Streptomycin,517,C - T,NA,NA,South Africa,23884993
rrs,Streptomycin,461,C - T,NA,NA,Guangdong in China,24449341
rrs,Streptomycin,513,A - C,NA,NA,Guangdong in China,24449341
rrs,Streptomycin,874,G - A,NA,NA,Guangdong in China,24449341
rrs,Amikacin,1401,A - G,NA,NA,Shanghai in China,24725975
rrs,Streptomycin,514,A - C,NA,NA,Warsaw in Poland,24937123
rrs,Streptomycin,517,C - T,NA,NA,Warsaw in Poland,24937123
rrs,Streptomycin,906,A - G,NA,NA,Warsaw in Poland,24937123
rrs,Streptomycin,907,A - T,NA,NA,Warsaw in Poland,24937123
rrs,Streptomycin,514,A - C,NA,NA,New Delhi in India,25074855
rrs,Streptomycin,517,C - T,NA,NA,New Delhi in India,25074855
rrs,Kanamycin / Capreomycin,685,G - A,NA,NA,Siberia,25186134
rrs,Kanamycin / Capreomycin,1401,A - G,NA,NA,Siberia,25186134
rrs,Amikacin / Kanamycin,1400,A - G,NA,NA,Latvia,25557624
rrs,Streptomycin,513,A - C,NA,NA,southern Taiwan,25629610
rrs,Amikacin / Kanamycin / Capreomycin,1401,A - G,NA,NA,Pakistan,25719196
rrs,Amikacin / Kanamycin / Capreomycin,1484,G - T,NA,NA,Pakistan,25719196
rrs,Streptomycin,514,A - C,NA,NA,China,26254141
rrs,Streptomycin,517,C - T,NA,NA,China,26254141
rrs,Streptomycin,554,A - T,NA,NA,China,26254141
rrs,Streptomycin,887,G - T,NA,NA,China,26254141
rrs,Streptomycin,514,A - C,NA,NA,Chengdu in China,26786661
rrs,Streptomycin,517,C - T,NA,NA,Chengdu in China,26786661
rrs,Streptomycin,906,A - G,NA,NA,Chengdu in China,26786661
rrs,Streptomycin,513,A - C,NA,NA,NA,26963306
rrs,Streptomycin,516,C - T,NA,NA,NA,26963306
rrs,Streptomycin,856,A - T,NA,NA,Iran,27380108
rrs,Streptomycin,513,C - T,NA,NA,Chiang Rai Province in Thailand,27436385
rrs,Streptomycin,514,A - C,NA,NA,Chiang Rai Province in Thailand,27436385
rrs,Streptomycin,517,C - T,NA,NA,Chiang Rai Province in Thailand,27436385
rrs,Streptomycin,905,C - G,NA,NA,Chiang Rai Province in Thailand,27436385
rrs,Streptomycin,908,A - C,NA,NA,Chiang Rai Province in Thailand,27436385
rrs,Streptomycin,514,A - T,NA,NA,Thailand,27436385
rrs,Streptomycin,517,C - T,NA,NA,Thailand,27436385
rrs,Streptomycin,908,A - G,NA,NA,Thailand,27436385
rrs,Amikacin / Kanamycin / Streptomycin,1401,A - G,NA,NA,Armenia,28043525
rrs,Amikacin / Kanamycin / Capreomycin / Streptomycin,1484,G - T,NA,NA,Armenia,28043525
rrs,Streptomycin,222,C - A,NA,NA,Khartoum in Sudan,28197340
rrs,Streptomycin,855,G - T,NA,NA,Khartoum in Sudan,28197340
rrs,Streptomycin,892,G - A,NA,NA,Khartoum in Sudan,28197340
rrs,Streptomycin,904,A - G,NA,NA,Khartoum in Sudan,28197340
rrs,Streptomycin,906,A - G,NA,NA,Khartoum in Sudan,28197340
rrs,Streptomycin,1238,T - A,NA,NA,Khartoum in Sudan,28197340
rrs,Streptomycin,1400,G - A,NA,NA,Khartoum in Sudan,28197340
rrs,Streptomycin,1400,G - C,NA,NA,Khartoum in Sudan,28197340
rrs,Streptomycin,222,C - A,NA,NA,Sudan,28197340
rrs,Streptomycin,885,G - T,NA,NA,Sudan,28197340
rrs,Streptomycin,892,G - A,NA,NA,Sudan,28197340
rrs,Streptomycin,904,A - G,NA,NA,Sudan,28197340
rrs,Streptomycin,906,A - G,NA,NA,Sudan,28197340
rrs,Streptomycin,906,T - A,NA,NA,Sudan,28197340
rrs,Streptomycin,1400,G - A,NA,NA,Sudan,28197340
rrs,Streptomycin,1400,G - C,NA,NA,Sudan,28197340
rrs,Streptomycin,1401,A - G,NA,NA,Cuba,28225540
rrs,Streptomycin,513,A - C,NA,NA,Iran,28404234
rrs,Streptomycin,516,C - T,NA,NA,Iran,28404234
rrs,Streptomycin,907,A - C,NA,NA,Iran,28404234
rrs,Streptomycin,514,A - C,NA,NA,Ho Chi Minh City in Vietnam,28743648
rrs,Streptomycin,516,C - T,NA,NA,Ho Chi Minh City in Vietnam,28743648
rrs,Streptomycin,1401,A - G,NA,NA,Ho Chi Minh City in Vietnam,28743648
rrs ,Kanamycin,1401,A - G ,NA,NA,China,26486879